USE OHDSE;

INSERT INTO `financien` (`lid_id`, `overgemaakt`, `verschuldigd`, `schuld`, `gespaard`, `created_at`, `updated_at`) VALUES
(1, '0.00', '0.00', '0.00', '0.00', '2019-07-30 00:00:00', '2019-07-30 00:00:00'),
(2, '0.00', '0.00', '0.00', '0.00', '2019-07-30 00:00:00', '2019-07-30 00:00:00'),
(3, '0.00', '0.00', '0.00', '0.00', '2019-07-30 00:00:00', '2019-07-30 00:00:00'),
(4, '0.00', '0.00', '0.00', '0.00', '2019-07-30 00:00:00', '2019-07-30 00:00:00'),
(5, '0.00', '0.00', '0.00', '0.00', '2019-07-30 00:00:00', '2019-07-30 00:00:00'),
(6, '0.00', '0.00', '0.00', '0.00', '2019-07-30 00:00:00', '2019-07-30 00:00:00'),
(7, '0.00', '0.00', '0.00', '0.00', '2019-07-30 00:00:00', '2019-07-30 00:00:00'),
(8, '0.00', '0.00', '0.00', '0.00', '2019-07-30 00:00:00', '2019-07-30 00:00:00'),
(9, '0.00', '0.00', '0.00', '0.00', '2019-07-30 00:00:00', '2019-07-30 00:00:00'),
(10, '0.00', '0.00', '0.00', '0.00', '2019-07-30 00:00:00', '2019-07-30 00:00:00'),
(11, '0.00', '0.00', '0.00', '0.00', '2019-07-30 00:00:00', '2019-07-30 00:00:00'),
(12, '0.00', '0.00', '0.00', '0.00', '2019-07-30 00:00:00', '2019-07-30 00:00:00'),
(13, '0.00', '0.00', '0.00', '0.00', '2019-07-30 00:00:00', '2019-07-30 00:00:00'),
(14, '0.00', '0.00', '0.00', '0.00', '2019-07-30 00:00:00', '2019-07-30 00:00:00'),
(15, '0.00', '0.00', '0.00', '0.00', '2019-07-30 00:00:00', '2019-07-30 00:00:00'),
(16, '0.00', '0.00', '0.00', '0.00', '2019-07-30 00:00:00', '2019-07-30 00:00:00'),
(17, '0.00', '0.00', '0.00', '0.00', '2019-07-30 00:00:00', '2019-07-30 00:00:00'),
(18, '0.00', '0.00', '0.00', '0.00', '2019-07-30 00:00:00', '2019-07-30 00:00:00'),
(19, '0.00', '0.00', '0.00', '0.00', '2019-07-30 00:00:00', '2019-07-30 00:00:00'),
(20, '0.00', '0.00', '0.00', '0.00', '2019-07-30 00:00:00', '2019-07-30 00:00:00'),
(21, '0.00', '0.00', '0.00', '0.00', '2019-07-30 00:00:00', '2019-07-30 00:00:00'),
(22, '0.00', '0.00', '0.00', '0.00', '2019-07-30 00:00:00', '2019-07-30 00:00:00'),
(23, '0.00', '0.00', '0.00', '0.00', '2019-07-30 00:00:00', '2019-07-30 00:00:00'),
(24, '0.00', '0.00', '0.00', '0.00', '2019-07-30 00:00:00', '2019-07-30 00:00:00'),
(25, '0.00', '0.00', '0.00', '0.00', '2019-07-30 00:00:00', '2019-07-30 00:00:00'),
(26, '0.00', '0.00', '0.00', '0.00', '2019-07-30 00:00:00', '2019-07-30 00:00:00'),
(27, '0.00', '0.00', '0.00', '0.00', '2019-07-30 00:00:00', '2019-07-30 00:00:00'),
(28, '0.00', '0.00', '0.00', '0.00', '2019-07-30 00:00:00', '2019-07-30 00:00:00'),
(29, '0.00', '0.00', '0.00', '0.00', '2019-07-30 00:00:00', '2019-07-30 00:00:00'),
(30, '0.00', '0.00', '0.00', '0.00', '2019-07-30 00:00:00', '2019-07-30 00:00:00'),
(31, '0.00', '0.00', '0.00', '0.00', '2019-07-30 00:00:00', '2019-07-30 00:00:00'),
(32, '0.00', '0.00', '0.00', '0.00', '2019-07-30 00:00:00', '2019-07-30 00:00:00'),
(33, '0.00', '0.00', '0.00', '0.00', '2019-07-30 00:00:00', '2019-07-30 00:00:00'),
(34, '0.00', '0.00', '0.00', '0.00', '2019-07-30 00:00:00', '2019-07-30 00:00:00'),
(35, '0.00', '0.00', '0.00', '0.00', '2019-07-30 00:00:00', '2019-08-08 16:26:26'),
(36, '0.00', '41037.12', '41037.12', '0.00', '2019-07-30 00:00:00', '2019-08-08 18:28:50'),
(37, '0.00', '0.00', '0.00', '0.00', '2019-07-30 00:00:00', '2019-07-30 00:00:00'),
(38, '0.00', '0.00', '0.00', '0.00', '2019-07-30 00:00:00', '2019-07-30 00:00:00'),
(39, '0.00', '0.00', '0.00', '0.00', '2019-07-30 00:00:00', '2019-07-30 00:00:00'),
(40, '0.00', '0.00', '0.00', '0.00', '2019-07-30 00:00:00', '2019-07-30 00:00:00'),
(41, '0.00', '0.00', '0.00', '0.00', '2019-07-30 00:00:00', '2019-07-30 00:00:00'),
(42, '0.00', '0.00', '0.00', '0.00', '2019-07-30 00:00:00', '2019-07-30 00:00:00'),
(43, '0.00', '0.00', '0.00', '0.00', '2019-07-30 00:00:00', '2019-07-30 00:00:00'),
(44, '0.00', '0.00', '0.00', '0.00', '2019-07-30 00:00:00', '2019-07-30 00:00:00'),
(45, '0.00', '41037.11', '41037.11', '0.00', '2019-07-30 00:00:00', '2019-08-08 18:28:50'),
(46, '0.00', '41047.11', '41047.11', '0.00', '2019-07-30 00:00:00', '2019-08-09 00:53:38'),
(47, '0.00', '12.35', '12.35', '0.00', '2019-07-30 00:00:00', '2019-08-08 19:48:56'),
(48, '0.00', '12.35', '12.35', '0.00', '2019-07-30 00:00:00', '2019-08-08 19:48:56'),
(49, '0.00', '0.00', '0.00', '0.00', '2019-07-30 00:00:00', '2019-08-10 21:53:58'),
(50, '0.00', '0.00', '0.00', '0.00', '2019-07-30 00:00:00', '2019-08-07 23:16:03'),
(51, '0.00', '0.00', '0.00', '0.00', '2019-07-30 00:00:00', '2019-08-01 23:01:10'),
(52, '0.00', '0.00', '0.00', '0.00', '2019-07-30 00:00:00', '2019-08-01 23:01:10'),
(53, '0.00', '0.00', '0.00', '0.00', '2019-07-30 00:00:00', '2019-07-30 00:00:00'),
(54, '0.00', '0.00', '0.00', '0.00', '2019-07-30 00:00:00', '2019-08-01 23:01:10'),
(55, '0.00', '0.00', '0.00', '0.00', '2019-07-30 00:00:00', '2019-08-01 23:01:10'),
(56, '0.00', '0.00', '0.00', '0.00', '2019-07-30 00:00:00', '2019-08-01 23:01:10'),
(57, '0.00', '0.00', '0.00', '0.00', '2019-07-30 00:00:00', '2019-08-01 23:01:10'),
(58, '0.00', '0.00', '0.00', '0.00', '2019-07-30 00:00:00', '2019-08-01 23:01:10'),
(59, '0.00', '0.00', '0.00', '0.00', '2019-07-30 00:00:00', '2019-08-01 23:01:10');


INSERT INTO `lid` (`lid_id`, `admin`, `email`, `password`, `type_lid`, `roepnaam`, `voornamen`, `achternaam`, `lichting`, `profiel_foto`, `created_at`, `updated_at`, `deleted_at`) VALUES
(1, 0, 'rogier2@gmail.com', 'wachtwoord', 'Reünist', 'Rogier', NULL, 'van der Mijn', 1, 'rmijn.jpg', NULL, NULL, NULL),
(2, 0, 'wouterverloop@hotmail.com', 'wachtwoord', 'Reünist', 'Wouter', NULL, 'Verloop', 1, 'wverloop.jpg', NULL, NULL, NULL),
(3, 0, 'stevendev@gmail.com', 'wachtwoord', 'Reünist', 'Steven', NULL, 'de Vries', 1, 'svries.jpg', NULL, NULL, NULL),
(4, 0, 'daanvandedem@yahoo.co.uk', 'wachtwoord', 'Reünist', 'Daan', NULL, 'van Dedem', 1, 'ddedem.jpg', NULL, NULL, NULL),
(5, 0, 'j.s.beishuizen@hotmail.com', 'wachtwoord', 'Reünist', 'Jaap', NULL, 'Beishuizen', 2, 'jbeishuizen.jpg', NULL, NULL, NULL),
(6, 0, 'g.asselbergs@live.nl', 'wachtwoord', 'Reünist', 'Geert', NULL, 'Asselbergs', 2, 'gasselbergs.jpg', NULL, NULL, NULL),
(7, 0, 'marcojvermeulen@gmail.com', 'wachtwoord', 'Reünist', 'Marco', NULL, 'Vermeulen', 3, 'mvermeulen.jpg', NULL, NULL, NULL),
(8, 0, 'nwdebouter@gmail.com', 'wachtwoord', 'Reünist', 'Niek', NULL, 'de Bouter', 4, 'nbouter.jpg', NULL, NULL, NULL),
(9, 0, 'maartendevlugt@gmail.com', 'wachtwoord', 'Reünist', 'Maarten', NULL, 'de Vlugt', 4, 'mvlugt.jpg', NULL, NULL, NULL),
(10, 0, 'v.j.a.poen@gmail.com', 'wachtwoord', 'Reünist', 'Victor', NULL, 'Poen', 5, 'vpoen.jpg', NULL, NULL, NULL),
(11, 0, 'basten.berg@icloud.com', 'wachtwoord', 'Reünist', 'Basten', NULL, 'Berg', 5, 'bberg.jpg', NULL, NULL, NULL),
(12, 0, 'dimarckie@hotmail.com', 'wachtwoord', 'Reünist', 'Mark', NULL, 'Verloop', 7, 'merloop.jpg', NULL, NULL, NULL),
(13, 0, 'rick.debruijn@mail.com', 'wachtwoord', 'Geen', 'Rick', NULL, 'de Bruijn', 5, 'rbruijn.jpg', NULL, NULL, NULL),
(14, 0, 'robbertwerker@gmail.com', 'wachtwoord', 'Reünist', 'Robbert', NULL, 'Werker', 6, 'rwerker.jpg', NULL, NULL, NULL),
(15, 0, 'thijs.jansen1@gmail.com', 'wachtwoord', 'Reünist', 'Thijs', NULL, 'Jansen', 6, 'tjansen.jpg', NULL, NULL, NULL),
(16, 0, 'pravestein@live.nl', 'wachtwoord', 'Reünist', 'Paul', NULL, 'Ravestein', 6, 'pravestein.jpg', NULL, NULL, NULL),
(17, 0, 'jm.van.dedem@hotmail.com', 'wachtwoord', 'Reünist', 'Jeroen', NULL, 'van Dedem', 6, 'jdedem.jpg', NULL, NULL, NULL),
(18, 0, 'stefanvandaalen@hotmail.com', 'wachtwoord', 'Geen', 'Stefan', NULL, 'van Daalen', 6, 'sdaalen.jpg', NULL, NULL, NULL),
(19, 0, 'markarnoutjansen@gmail.com', 'wachtwoord', 'Reünist', 'Mark', NULL, 'Jansen', 12, 'mjansen.jpg', NULL, NULL, NULL),
(20, 0, 'jessemacco@gmail.com', 'wachtwoord', 'Reünist', 'Jesse', NULL, 'Macco', 7, 'jmacco.jpg', NULL, NULL, NULL),
(21, 0, 'job10@live.nl', 'wachtwoord', 'Reünist', 'Job', NULL, 'Schinkelshoek', 7, 'jschinkelshoek.jpg', NULL, NULL, NULL),
(22, 0, 'm.schenk1993@gmail.com', 'wachtwoord', 'Reünist', 'Martijn', NULL, 'Schenk', 8, 'mschenk.jpg', NULL, NULL, NULL),
(23, 0, 'jvkolenberg@gmail.com', 'wachtwoord', 'Reünist', 'Jonas', NULL, 'Kolenberg', 8, 'jkolenberg.jpg', NULL, NULL, NULL),
(24, 0, 'leonzijlstra1991@hotmail.com', 'wachtwoord', 'Reünist', 'Leon', NULL, 'Zijlstra', 8, 'lzijlstra.jpg', NULL, NULL, NULL),
(25, 0, 'cwmc.scheffers@gmail.com', 'wachtwoord', 'Reünist', 'Coen', NULL, 'Scheffers', 9, 'cscheffers.png', NULL, NULL, NULL),
(26, 0, 'oscar.-@live.nl', 'wachtwoord', 'Reünist', 'Oscar', NULL, 'Kolenberg', 9, 'okolenberg.png', NULL, NULL, NULL),
(27, 0, 'dennisleeftink@gmail.com', 'wachtwoord', 'Reünist', 'Dennis', NULL, 'Leeftink', 9, 'dleeftink.png', NULL, NULL, NULL),
(28, 0, 'maikv@live.nl', 'wachtwoord', 'Reünist', 'Maik', NULL, 'Veenhuizen', 9, 'mveenhuizen.png', NULL, NULL, NULL),
(29, 0, 'd_a_d_v@hotmail.com', 'wachtwoord', 'Reünist', 'Daniel', NULL, 'de Vries', 9, 'ddevries.png', NULL, NULL, NULL),
(30, 0, 'bram-wilschut@live.nl', 'wachtwoord', 'Reünist', 'Bram', NULL, 'Wilschut', 10, 'bwilschut.png', NULL, NULL, NULL),
(31, 0, 'michaelmaahs@live.nl', 'wachtwoord', 'Reünist', 'Michael', NULL, 'Maahs', 10, 'mmaahs.png', NULL, NULL, NULL),
(32, 0, 'milanvandun@gmail.com', 'wachtwoord', 'Reünist', 'Milan', NULL, 'van Dun', 10, 'mvandun.png', NULL, NULL, NULL),
(33, 0, 'l.m.schemmekes@students.uu.nl', 'wachtwoord', 'Passief', 'Loek', NULL, 'Schemmekes', 11, 'lschemmekes.png', NULL, '2019-02-12 16:07:35', NULL),
(34, 0, 'niels.demeijer@hotmail.com', 'wachtwoord', 'Passief', 'Niels', NULL, 'de Meijer', 11, 'ndemeijer.png', NULL, '2019-02-12 16:07:35', NULL),
(35, 0, 'joostoliemans@hotmail.com', 'wachtwoord', 'Actief', 'Joost', NULL, 'Oliemans', 11, 'joliemans.png', NULL, '2019-08-01 23:05:33', NULL),
(36, 0, 'florusmulder@hotmail.com', 'wachtwoord', 'Actief', 'Florus', NULL, 'Mulder', 11, 'fmulder.png', NULL, '2019-02-14 23:22:15', NULL),
(37, 0, 'tomdejong94@live.nl', 'wachtwoord', 'Passief', 'Tom', NULL, 'de Jong', 11, 'tdejong.png', NULL, NULL, NULL),
(38, 0, 'hugopolman@gmail.com', 'wachtwoord', 'Reünist', 'Hugo', NULL, 'Polman', 11, 'hpolman.png', NULL, NULL, NULL),
(39, 0, 'roderik_oosterholt@hotmail.com', 'wachtwoord', 'Reünist', 'Roderik', NULL, 'Oosterholt', 12, 'roosterholt.jpg', NULL, NULL, NULL),
(40, 0, 'Kerfsteven@hotmail.com', 'wachtwoord', 'Passief', 'Steven', NULL, 'de Kerf', 12, 'sdekerf.png', NULL, NULL, NULL),
(41, 0, 'ruben.damwijk@gmail.com', 'wachtwoord', 'Passief', 'Ruben ', NULL, 'Damwijk', 12, 'rdamwijk.png', NULL, NULL, NULL),
(42, 0, 'tonydedie@live.nl', 'wachtwoord', 'Passief', 'Tony', NULL, 'de Die', 12, 'tdedie.png', NULL, NULL, NULL),
(43, 0, 'sebasverbek@hotmail.com', 'wachtwoord', 'Geen', 'Sebastiaan', NULL, 'Verbeek', 12, 'sverbeek.jpg', NULL, NULL, NULL),
(44, 0, 'jesseboeve@msn.com', 'wachtwoord', 'Geen', 'Jesse', NULL, 'Boeve', 12, 'jboeve.jpg', NULL, NULL, NULL),
(45, 0, 'i.gerritsen@hotmail.fr', 'wachtwoord', 'Actief', 'Iskander', NULL, 'Gerritsen', 13, 'igerritsen.png', NULL, '2019-03-12 15:29:37', NULL),
(46, 0, 'menno.euwes@gmail.com', 'wachtwoord', 'Actief', 'Menno', NULL, 'Euwes', 13, 'meuwes.png', NULL, '2019-03-12 17:47:40', NULL),
(47, 0, 'niekschem@gmail.com', 'wachtwoord', 'Actief', 'Niek', NULL, 'Schemmekes', 13, 'nschemmekes.png', NULL, '2019-02-14 23:22:15', NULL),
(48, 0, 'jonnoschoppink@hotmail.com', 'wachtwoord', 'Actief', 'Jonno', NULL, 'Schoppink', 13, 'jschoppink.png', NULL, '2019-02-14 23:22:15', NULL),
(49, 1, 'email@thomasmol.com', '$2y$10$GoZTUc//BL5G.VG0x7KDPePQHcpIN8qbB0NKlHDpRMH7sSzqdSsJC', 'Actief', 'Thoompje', 'Thomas Adriaan', 'Mol', 13, 'tmol.png', NULL, '2019-08-10 21:53:58', NULL),
(50, 0, 'larsjesonneveld@hotmail.com', 'wachtwoord', 'Actief', 'Lars', NULL, 'Sonneveld', 14, 'lsonneveld.png', NULL, '2019-03-17 17:21:32', NULL),
(51, 0, 'luckyluketm@hotmail.com', 'wachtwoord', 'Actief', 'Luuk', NULL, 'Louter', 14, 'llouter.png', NULL, '2019-03-12 17:47:40', NULL),
(52, 0, 'lucaskembara@gmail.com', 'wachtwoord', 'Actief', 'Lucas', NULL, 'Ulsamer', 14, 'lkembaraulsamer.png', NULL, '2019-03-12 15:30:00', NULL),
(53, 0, 'stanhermans11@hotmail.com', 'wachtwoord', 'Passief', 'Stan', NULL, 'Hermans', 14, 'shermans.png', NULL, NULL, NULL),
(54, 0, 'maxpickkers@hotmail.com', 'wachtwoord', 'Actief', 'Max', NULL, 'Pickkers', 15, '', NULL, '2019-03-12 15:23:34', NULL),
(55, 0, '300jelle@gmail.com', 'wachtwoord', 'Actief', 'Jelle', NULL, 'de Jong', 15, '', NULL, '2019-03-12 15:23:34', NULL),
(56, 0, 'sebas275@gmail.com', 'wachtwoord', 'Actief', 'Sebastiaan', NULL, 'Tetteroo', 15, '', NULL, '2019-03-12 15:23:34', NULL),
(57, 0, 'Milan6123@hotmail.com', 'wachtwoord', 'Actief', 'Milan', NULL, 'Coppens', 15, '', NULL, '2019-02-14 23:22:15', NULL),
(58, 0, 'ivan.bakker@hotmail.com', 'wachtwoord', 'Actief', 'Ivan', NULL, 'Bakker', 15, '', NULL, '2019-03-11 21:58:34', NULL),
(59, 0, 'coenschoof@gmail.com', 'wachtwoord', 'Actief', 'Coen', NULL, 'Schoof', 15, '', NULL, '2019-03-11 21:58:34', NULL);

INSERT INTO `lid_gegevens` (`lid_id`, `straatnaam`, `postcode`, `stad`, `land`, `telefoonnummer`, `geboortedatum`, `geboorteplaats`, `created_at`, `updated_at`) VALUES
(1, 'Bijleveldstraat 7', '3521 EL', 'Utrecht', '', '', '1985-08-05', '', '2019-07-30 00:00:00', '2019-07-30 00:00:00'),
(2, '7 Leedon Heights #31-17 (D\'Leedon)', '267953', 'Singapore', '', '', '1987-01-19', '', '2019-07-30 00:00:00', '2019-07-30 00:00:00'),
(3, 'Keizerstraat 10 Bis', '3512 EB', 'Utrecht', '', '', '1986-07-17', '', '2019-07-30 00:00:00', '2019-07-30 00:00:00'),
(4, 'Weerdensteynselaan 3', '3947 ND', 'Langbroek', '', '', '1986-05-27', '', '2019-07-30 00:00:00', '2019-07-30 00:00:00'),
(5, 'Lindeplein 3', '5038 PK', 'Tilburg', '', '', '1985-12-20', '', '2019-07-30 00:00:00', '2019-07-30 00:00:00'),
(6, 'Meerten verhoffstraat 10-d20', '4811 AT', 'Breda', '', '', '1986-09-20', '', '2019-07-30 00:00:00', '2019-07-30 00:00:00'),
(7, '2e Delistraat 25', '3531 SX', 'Utrecht', '', '', '1986-12-20', '', '2019-07-30 00:00:00', '2019-07-30 00:00:00'),
(8, 'Waalstraat 101', '3522 SE', 'Utrecht', '', '', '1985-07-23', '', '2019-07-30 00:00:00', '2019-07-30 00:00:00'),
(9, 'Oudegracht 215F', '3511 NH', 'Utrecht', '', '', '1987-03-23', '', '2019-07-30 00:00:00', '2019-07-30 00:00:00'),
(10, 'Obrechtstraat 40 Bis', '3572 EG', 'Utrecht', '', '', '1990-07-14', '', '2019-07-30 00:00:00', '2019-07-30 00:00:00'),
(11, 'Nobelstraat 253 bis', '3512 EM', 'Utrecht', '', '', '1988-02-01', '', '2019-07-30 00:00:00', '2019-07-30 00:00:00'),
(12, 'Nansenplaats 297', '3069 CV', 'Rotterdam', '', '', '1989-05-16', '', '2019-07-30 00:00:00', '2019-07-30 00:00:00'),
(13, 'Asterstraat 24', '3551SX', 'Utrecht', '', '', '1986-12-30', '', '2019-07-30 00:00:00', '2019-07-30 00:00:00'),
(14, 'Wolvenstraat 50', '3512 CH', 'Utrecht', '', '', '1991-06-29', '', '2019-07-30 00:00:00', '2019-07-30 00:00:00'),
(15, 'Catharijnesingel 80', '3511GN', 'Utrecht', '', '', '1989-12-02', '', '2019-07-30 00:00:00', '2019-07-30 00:00:00'),
(16, 'Schoolstraat 34', '3581 PW', 'Utrecht', '', '', '1989-11-26', '', '2019-07-30 00:00:00', '2019-07-30 00:00:00'),
(17, 'Oudegracht 225a', '3511 NJ', 'Utrecht', '', '', '1987-06-30', '', '2019-07-30 00:00:00', '2019-07-30 00:00:00'),
(18, '', '', '', '', '', '1990-06-05', '', '2019-07-30 00:00:00', '2019-07-30 00:00:00'),
(19, '', '', '', '', '', '1988-01-28', '', '2019-07-30 00:00:00', '2019-07-30 00:00:00'),
(20, 'Merwedekade 208', '3522 JK', 'Utrecht', '', '', '1988-06-28', '', '2019-07-30 00:00:00', '2019-07-30 00:00:00'),
(21, 'Overtoom 14-II', '1054 HJ', 'Amsterdam', '', '', '1992-06-15', '', '2019-07-30 00:00:00', '2019-07-30 00:00:00'),
(22, 'Minderbroedersstraat 21', '3000', 'Leuven', '', '', '1993-05-18', '', '2019-07-30 00:00:00', '2019-07-30 00:00:00'),
(23, 'Spijkerstraat 4', '6541 RC', 'Nijmegen', '', '', '1990-10-19', '', '2019-07-30 00:00:00', '2019-07-30 00:00:00'),
(24, 'Roerdompstraat 2 bis', '3582 SJ', 'Utrecht', '', '', '1991-11-19', '', '2019-07-30 00:00:00', '2019-07-30 00:00:00'),
(25, 'Otterstraat 112 bis', '3513 CR', 'Utrecht', '', '', '1993-10-04', '', '2019-07-30 00:00:00', '2019-07-30 00:00:00'),
(26, 'Marialaan 67', '6541 RC', 'Nijmegen', '', '', '1993-08-16', '', '2019-07-30 00:00:00', '2019-07-30 00:00:00'),
(27, 'Geraniumstraat 44bis', '3551 HD', 'Utrecht', '', '', '1991-08-23', '', '2019-07-30 00:00:00', '2019-07-30 00:00:00'),
(28, 'Spijkerstraat 4', '3513 SL', 'Utrecht', '', '', '1990-09-03', '', '2019-07-30 00:00:00', '2019-07-30 00:00:00'),
(29, 'Biltstraat 401', '3572 AV', 'Utrecht', '', '', '1991-01-30', '', '2019-07-30 00:00:00', '2019-07-30 00:00:00'),
(30, '', '', '', '', '', '1993-05-31', '', '2019-07-30 00:00:00', '2019-07-30 00:00:00'),
(31, 'Sarphatipark 37', '1073 CP', 'Amsterdam', '', '', '1993-07-04', '', '2019-07-30 00:00:00', '2019-07-30 00:00:00'),
(32, 'Nieuwe Gracht 151', '3512 LL', 'Utrecht', '', '', '1990-07-26', '', '2019-07-30 00:00:00', '2019-07-30 00:00:00'),
(33, 'Pythagoraslaan 103A', '3584 BB', 'Utrecht', '', '', '1996-01-12', '', '2019-07-30 00:00:00', '2019-07-30 00:00:00'),
(34, 'Marialaan 67', '6541 RC', 'Nijmegen', '', '', '1996-03-10', '', '2019-07-30 00:00:00', '2019-07-30 00:00:00'),
(35, 'Ina Boudier-Bakkerlaan 89-iv', '3582 XD', 'Utrecht', '', '', '1996-06-26', '', '2019-07-30 00:00:00', '2019-07-30 00:00:00'),
(36, 'Willemstraat 32', '3511 RK', 'Utrecht', '', '', '1997-04-03', '', '2019-07-30 00:00:00', '2019-07-30 00:00:00'),
(37, 'Otterstraat 112 bis', '3513 CR', 'Utrecht', '', '', '1994-03-25', '', '2019-07-30 00:00:00', '2019-07-30 00:00:00'),
(38, 'Schipluidenlaan 630', '1062 HE', 'Amsterdam', '', '', '1991-04-18', '', '2019-07-30 00:00:00', '2019-07-30 00:00:00'),
(39, 'Zacharias Jansenstraat 14 ', '3514 XB ', 'Utrecht', '', '', '1992-12-06', '', '2019-07-30 00:00:00', '2019-07-30 00:00:00'),
(40, 'Otterstraat 112 bis', '3513 CR', 'Utrecht', '', '', '1995-09-28', '', '2019-07-30 00:00:00', '2019-07-30 00:00:00'),
(41, 'Van Lieflandlaan 78', '3571 AE', 'Utrecht', '', '', '1994-10-09', '', '2019-07-30 00:00:00', '2019-07-30 00:00:00'),
(42, 'Geraniumstraat 44bis', '3551 HD', 'Utrecht', '', '', '1995-07-15', '', '2019-07-30 00:00:00', '2019-07-30 00:00:00'),
(43, '', '', '', '', '', '1996-09-04', '', '2019-07-30 00:00:00', '2019-07-30 00:00:00'),
(44, '', '', '', '', '', '1993-12-30', '', '2019-07-30 00:00:00', '2019-07-30 00:00:00'),
(45, 'Amerikalaan 199', '3526 VD', 'Utrecht', '', '', '1993-07-01', '', '2019-07-30 00:00:00', '2019-07-30 00:00:00'),
(46, 'Hooiland 25', '3411 WC', 'Lopik', '', '', '1996-02-10', '', '2019-07-30 00:00:00', '2019-07-30 00:00:00'),
(47, 'Pythagoraslaan 103', '3584 BB', 'Utrecht', '', '', '1998-09-29', '', '2019-07-30 00:00:00', '2019-07-30 00:00:00'),
(48, 'Mgr. Van de Weteringstraat 29b', '3581 EB', 'Utrecht', '', '', '1995-12-25', '', '2019-07-30 00:00:00', '2019-07-30 00:00:00'),
(49, 'Otterstraat 112 bis', '3513 CR', 'Utrecht', 'Nederland', '0611068087', '1997-10-16', 'Amersfoort', '2019-07-30 00:00:00', '2019-08-08 15:43:17'),
(50, 'Adelaarstraat 116A', '3514 CK', 'Utrecht', '', '', '1996-05-16', '', '2019-07-30 00:00:00', '2019-07-30 00:00:00'),
(51, 'Amsterdamsestraatweg 552', '3553 EN', 'Utrecht', '', '', '1994-06-29', '', '2019-07-30 00:00:00', '2019-07-30 00:00:00'),
(52, 'Donsvlinder 24', '3723 TX', 'Bilthoven', '', '', '1999-08-03', '', '2019-07-30 00:00:00', '2019-07-30 00:00:00'),
(53, 'Everard Meijsterlaan 53A', '3533 CK', 'Utrecht', '', '', '1996-06-12', '', '2019-07-30 00:00:00', '2019-07-30 00:00:00'),
(54, 'Everard Meijsterlaan 53A', '3533 CK', 'Utrecht', '', '', '1995-08-21', '', '2019-07-30 00:00:00', '2019-07-30 00:00:00'),
(55, 'Zwaluwsingel 11', '2289 EP', 'Rijswijk', '', '', '1997-06-15', '', '2019-07-30 00:00:00', '2019-07-30 00:00:00'),
(56, 'Ina Boudier-Bakkerlaan 89-IV', '3582 XD', 'Utrecht', '', '', '1998-05-27', '', '2019-07-30 00:00:00', '2019-07-30 00:00:00'),
(57, 'Dantelaan 115', '3533 VC', 'Utrecht', '', '', '1999-07-22', '', '2019-07-30 00:00:00', '2019-07-30 00:00:00'),
(58, 'Rooseveltlaan 474', '3527 AR', 'Utrecht', '', '', '1998-01-19', '', '2019-07-30 00:00:00', '2019-07-30 00:00:00'),
(59, 'Ondiep-Zuidzijde 2ab', '3551 BW', 'Utrecht', '', '', '1996-09-27', '', '2019-07-30 00:00:00', '2019-07-30 00:00:00');

INSERT INTO `rekeningnummer` (`lid_id`, `rekeningnummer`, `created_at`, `updated_at`) VALUES
(1, 'NL30RABO0382469739', '2019-07-30 00:00:00', '2019-07-30 00:00:00'),
(2, '470230568', '2019-07-30 00:00:00', '2019-07-30 00:00:00'),
(3, 'NL06TRIO0786894873', '2019-07-30 00:00:00', '2019-07-30 00:00:00'),
(4, 'NL95ABNA0525701214', '2019-07-30 00:00:00', '2019-07-30 00:00:00'),
(5, 'NL90INGB0680288597', '2019-07-30 00:00:00', '2019-07-30 00:00:00'),
(5, 'NL61ABNA0490129986', '2019-07-30 00:00:00', '2019-07-30 00:00:00'),
(6, 'NL49ABNA0620716258', '2019-07-30 00:00:00', '2019-07-30 00:00:00'),
(7, 'NL79INGB0684459213', '2019-07-30 00:00:00', '2019-07-30 00:00:00'),
(8, 'NL95INGB0008160860', '2019-07-30 00:00:00', '2019-07-30 00:00:00'),
(9, 'NL34ASNB0707140153', '2019-07-30 00:00:00', '2019-07-30 00:00:00'),
(9, 'NL53ASNB0943106958', '2019-07-30 00:00:00', '2019-07-30 00:00:00'),
(10, 'NL70RABO0343746328', '2019-07-30 00:00:00', '2019-07-30 00:00:00'),
(11, 'NL42ABNA0868376396', '2019-07-30 00:00:00', '2019-07-30 00:00:00'),
(11, 'NL46ABNA0249606631', '2019-07-30 00:00:00', '2019-07-30 00:00:00'),
(12, 'NL56ABNA0466139357', '2019-07-30 00:00:00', '2019-07-30 00:00:00'),
(13, '8123742', '2019-07-30 00:00:00', '2019-07-30 00:00:00'),
(14, 'NL66INGB0008696919', '2019-07-30 00:00:00', '2019-07-30 00:00:00'),
(15, 'NL33INGB0008658422', '2019-07-30 00:00:00', '2019-07-30 00:00:00'),
(16, 'NL17INGB0008860179', '2019-07-30 00:00:00', '2019-07-30 00:00:00'),
(17, 'NL79ABNA0544641043', '2019-07-30 00:00:00', '2019-07-30 00:00:00'),
(18, '407760636', '2019-07-30 00:00:00', '2019-07-30 00:00:00'),
(19, 'NL48ABNA0596993277', '2019-07-30 00:00:00', '2019-07-30 00:00:00'),
(20, 'NL82RABO0329894706', '2019-07-30 00:00:00', '2019-07-30 00:00:00'),
(21, 'NL32INGB0008733130', '2019-07-30 00:00:00', '2019-07-30 00:00:00'),
(22, 'NL13INGB0002230495', '2019-07-30 00:00:00', '2019-07-30 00:00:00'),
(23, 'NL21TRIO0198105088', '2019-07-30 00:00:00', '2019-07-30 00:00:00'),
(24, 'NL32RABO0113032706', '2019-07-30 00:00:00', '2019-07-30 00:00:00'),
(25, 'NL72RABO0168938227', '2019-07-30 00:00:00', '2019-07-30 00:00:00'),
(26, 'NL61RABO0140205667', '2019-07-30 00:00:00', '2019-07-30 00:00:00'),
(27, 'NL77ABNA0452088917', '2019-07-30 00:00:00', '2019-07-30 00:00:00'),
(28, 'NL65RABO0108767604', '2019-07-30 00:00:00', '2019-07-30 00:00:00'),
(29, 'NL93INGB0008929427', '2019-07-30 00:00:00', '2019-07-30 00:00:00'),
(30, 'NL73ABNA0554749521', '2019-07-30 00:00:00', '2019-07-30 00:00:00'),
(31, 'NL70RABO0106063057', '2019-07-30 00:00:00', '2019-07-30 00:00:00'),
(32, 'NL80INGB0008838675', '2019-07-30 00:00:00', '2019-07-30 00:00:00'),
(33, 'NL56INGB0001878193', '2019-07-30 00:00:00', '2019-07-30 00:00:00'),
(34, 'NL48ABNA0432802444', '2019-07-30 00:00:00', '2019-07-30 00:00:00'),
(35, 'NL04INGB0008460094', '2019-07-30 00:00:00', '2019-07-30 00:00:00'),
(36, 'NL79RABO0151176140', '2019-07-30 00:00:00', '2019-07-30 00:00:00'),
(36, 'NL53INGB0003713972', '2019-07-30 00:00:00', '2019-07-30 00:00:00'),
(37, 'NL17INGB0008836026', '2019-07-30 00:00:00', '2019-07-30 00:00:00'),
(38, 'NL32RABO0305360329', '2019-07-30 00:00:00', '2019-07-30 00:00:00'),
(38, 'NL83ASNB0709242425', '2019-07-30 00:00:00', '2019-07-30 00:00:00'),
(39, 'NL21RABO0155025465', '2019-07-30 00:00:00', '2019-07-30 00:00:00'),
(40, 'NL24ABNA0556167864', '2019-07-30 00:00:00', '2019-07-30 00:00:00'),
(41, 'NL39INGB0008492153', '2019-07-30 00:00:00', '2019-07-30 00:00:00'),
(42, 'NL88INGB0008613588', '2019-07-30 00:00:00', '2019-07-30 00:00:00'),
(42, 'NL92ABNA0524976872', '2019-07-30 00:00:00', '2019-07-30 00:00:00'),
(43, 'NL72INGB0004661223', '2019-07-30 00:00:00', '2019-07-30 00:00:00'),
(44, 'NL78INGB0004576725', '2019-07-30 00:00:00', '2019-07-30 00:00:00'),
(45, 'NL38INGB0704575035', '2019-07-30 00:00:00', '2019-07-30 00:00:00'),
(46, 'NL55INGB0009187743', '2019-07-30 00:00:00', '2019-07-30 00:00:00'),
(47, 'NL88INGB0001878199', '2019-07-30 00:00:00', '2019-07-30 00:00:00'),
(48, 'NL28RABO0127007083', '2019-07-30 00:00:00', '2019-07-30 00:00:00'),
(50, 'NL51ABNA0436069350', '2019-07-30 00:00:00', '2019-07-30 00:00:00'),
(51, 'NL97RABO0128281294', '2019-07-30 00:00:00', '2019-07-30 00:00:00'),
(52, 'NL92INGB0003651675', '2019-07-30 00:00:00', '2019-07-30 00:00:00'),
(53, 'NL71ABNA0435305115', '2019-07-30 00:00:00', '2019-07-30 00:00:00'),
(54, 'NL93RABO0359682820', '0000-00-00 00:00:00', '0000-00-00 00:00:00'),
(55, 'NL02INGB0001373019', '0000-00-00 00:00:00', '0000-00-00 00:00:00'),
(55, 'NL90RABO0128119721', '0000-00-00 00:00:00', '0000-00-00 00:00:00'),
(56, 'NL62ABNA0540856991', '0000-00-00 00:00:00', '0000-00-00 00:00:00'),
(57, 'NL94INGB0002447384', '0000-00-00 00:00:00', '0000-00-00 00:00:00'),
(58, 'NL16ABNA0508509580', '0000-00-00 00:00:00', '0000-00-00 00:00:00'),
(59, 'NL61INGB0003936346', '0000-00-00 00:00:00', '0000-00-00 00:00:00');